{"cameraMode":{"drawMode":0,"name":"Shaded","section":"Shading Mode"},"sceneLighting":true,"audioPlay":false,"sceneViewState":{"showFog":true,"showMaterialUpdate":false,"showSkybox":true,"showFlares":true,"showImageEffects":true,"showParticleSystems":true},"in2DMode":false,"pivot":{"x":2.4474308490753176,"y":5.162046909332275,"z":10.485815048217774},"rotation":{"x":0.006071388255804777,"y":0.9531217217445374,"z":-0.30205315351486208,"w":0.01885201781988144},"size":0.6938103437423706,"orthographic":false}