{"cameraMode":{"drawMode":0,"name":"Shaded","section":"Shading Mode"},"sceneLighting":true,"audioPlay":false,"sceneViewState":{"showFog":true,"showMaterialUpdate":false,"showSkybox":true,"showFlares":true,"showImageEffects":true,"showParticleSystems":true},"in2DMode":false,"pivot":{"x":3.266309976577759,"y":6.26775598526001,"z":-3.7347185611724855},"rotation":{"x":-0.04840883985161781,"y":-0.6667141914367676,"z":-0.04346171021461487,"w":0.7424792051315308},"size":3.0427956581115724,"orthographic":false}