{"cameraMode":{"drawMode":0,"name":"Shaded","section":"Shading Mode"},"sceneLighting":true,"audioPlay":false,"sceneViewState":{"showFog":true,"showMaterialUpdate":false,"showSkybox":true,"showFlares":true,"showImageEffects":true,"showParticleSystems":true},"in2DMode":false,"pivot":{"x":22.26603889465332,"y":-7.742512226104736,"z":-11.651692390441895},"rotation":{"x":0.03036440908908844,"y":-0.9689829349517822,"z":0.19137951731681825,"w":0.15361246466636659},"size":11.25949478149414,"orthographic":false}