{"cameraMode":{"drawMode":0,"name":"Shaded","section":"Shading Mode"},"sceneLighting":true,"audioPlay":false,"sceneViewState":{"showFog":true,"showMaterialUpdate":false,"showSkybox":true,"showFlares":true,"showImageEffects":true,"showParticleSystems":true},"in2DMode":false,"pivot":{"x":-0.36999988555908205,"y":0.5999999046325684,"z":-0.48999977111816409},"rotation":{"x":0.18685626983642579,"y":0.24891845881938935,"z":-0.04900782182812691,"w":0.9490651488304138},"size":4.835239887237549,"orthographic":false}