{"cameraMode":{"drawMode":0,"name":"Shaded","section":"Shading Mode"},"sceneLighting":true,"audioPlay":false,"sceneViewState":{"showFog":true,"showMaterialUpdate":false,"showSkybox":true,"showFlares":true,"showImageEffects":true,"showParticleSystems":true},"in2DMode":false,"pivot":{"x":-0.0600111298263073,"y":3.1840362548828127,"z":1.3688277006149293},"rotation":{"x":0.04216458648443222,"y":-0.8871366381645203,"z":0.08274336904287338,"w":0.452088326215744},"size":23.533601760864259,"orthographic":false}