{"cameraMode":{"drawMode":0,"name":"Shaded","section":"Shading Mode"},"sceneLighting":false,"audioPlay":false,"sceneViewState":{"showFog":true,"showMaterialUpdate":false,"showSkybox":false,"showFlares":true,"showImageEffects":true,"showParticleSystems":true},"in2DMode":false,"pivot":{"x":-2.670281410217285,"y":1.399999976158142,"z":0.1799999177455902},"rotation":{"x":0.14949238300323487,"y":0.8082152009010315,"z":-0.2323196828365326,"w":0.5200930237770081},"size":1.6894259452819825,"orthographic":false}