{"cameraMode":{"drawMode":0,"name":"Shaded","section":"Shading Mode"},"sceneLighting":false,"audioPlay":false,"sceneViewState":{"showFog":true,"showMaterialUpdate":false,"showSkybox":false,"showFlares":true,"showImageEffects":true,"showParticleSystems":true},"in2DMode":false,"pivot":{"x":0.07499998807907105,"y":0.846000075340271,"z":1.128000020980835},"rotation":{"x":-0.7185603380203247,"y":0.012919819913804531,"z":-0.013369114138185978,"w":-0.6952306032180786},"size":1.3614530563354493,"orthographic":true}