{"cameraMode":{"drawMode":0,"name":"Shaded","section":"Shading Mode"},"sceneLighting":false,"audioPlay":false,"sceneViewState":{"showFog":true,"showMaterialUpdate":false,"showSkybox":false,"showFlares":true,"showImageEffects":true,"showParticleSystems":true},"in2DMode":false,"pivot":{"x":0.28600001335144045,"y":-1.7839999198913575,"z":2.1819987297058107},"rotation":{"x":0.0015715273329988123,"y":-0.985482931137085,"z":0.16956999897956849,"w":0.009160811081528664},"size":2.138335943222046,"orthographic":false}