{"cameraMode":{"drawMode":0,"name":"Shaded","section":"Shading Mode"},"sceneLighting":false,"audioPlay":false,"sceneViewState":{"showFog":true,"showMaterialUpdate":false,"showSkybox":false,"showFlares":true,"showImageEffects":true,"showParticleSystems":true},"in2DMode":false,"pivot":{"x":0.36451148986816409,"y":5.7589030265808109,"z":5.3956451416015629},"rotation":{"x":-0.4108896553516388,"y":0.04154268652200699,"z":-0.018746718764305116,"w":-0.9105467796325684},"size":2.2416584491729738,"orthographic":false}