{"cameraMode":{"drawMode":0,"name":"Shaded","section":"Shading Mode"},"sceneLighting":false,"audioPlay":false,"sceneViewState":{"showFog":true,"showMaterialUpdate":false,"showSkybox":false,"showFlares":true,"showImageEffects":true,"showParticleSystems":true},"in2DMode":false,"pivot":{"x":9.420000076293946,"y":1.8688478469848633,"z":1.399999737739563},"rotation":{"x":0.3709856867790222,"y":-0.03759440779685974,"z":0.015033273957669735,"w":0.9277560710906982},"size":2.8096911907196047,"orthographic":false}