{"cameraMode":{"drawMode":0,"name":"Shaded","section":"Shading Mode"},"sceneLighting":false,"audioPlay":false,"sceneViewState":{"showFog":true,"showMaterialUpdate":true,"showSkybox":false,"showFlares":true,"showImageEffects":true,"showParticleSystems":true},"in2DMode":false,"pivot":{"x":0.36451148986816409,"y":5.7589030265808109,"z":5.3956451416015629},"rotation":{"x":0.5800402164459229,"y":0.10553834587335587,"z":-0.07612790912389755,"w":0.8041266202926636},"size":2.1262366771698,"orthographic":false}