{"cameraMode":{"drawMode":1,"name":"Wireframe","section":"Shading Mode"},"sceneLighting":true,"audioPlay":false,"sceneViewState":{"showFog":true,"showMaterialUpdate":true,"showSkybox":true,"showFlares":true,"showImageEffects":true,"showParticleSystems":true},"in2DMode":false,"pivot":{"x":-0.06800001859664917,"y":5.875999927520752,"z":1.440000057220459},"rotation":{"x":0.19293995201587678,"y":0.04854794964194298,"z":-0.009557731449604035,"w":0.979965329170227},"size":22.674823760986329,"orthographic":true}