{"cameraMode":{"drawMode":1,"name":"Wireframe","section":"Shading Mode"},"sceneLighting":false,"audioPlay":false,"sceneViewState":{"showFog":true,"showMaterialUpdate":true,"showSkybox":false,"showFlares":true,"showImageEffects":true,"showParticleSystems":true},"in2DMode":false,"pivot":{"x":5.960464477539063e-8,"y":0.18856564164161683,"z":-1.1920928955078126e-7},"rotation":{"x":0.19293995201587678,"y":0.04854794964194298,"z":-0.009557731449604035,"w":0.979965329170227},"size":1.0426381826400757,"orthographic":true}