{"cameraMode":{"drawMode":1,"name":"Wireframe","section":"Shading Mode"},"sceneLighting":false,"audioPlay":false,"sceneViewState":{"showFog":true,"showMaterialUpdate":true,"showSkybox":false,"showFlares":true,"showImageEffects":true,"showParticleSystems":true},"in2DMode":false,"pivot":{"x":0.07500000298023224,"y":0.8460000157356262,"z":1.128000020980835},"rotation":{"x":0.19293995201587678,"y":0.04854794964194298,"z":-0.009557731449604035,"w":0.979965329170227},"size":0.31365767121315,"orthographic":true}