{"cameraMode":{"drawMode":1,"name":"Wireframe","section":"Shading Mode"},"sceneLighting":true,"audioPlay":false,"sceneViewState":{"showFog":true,"showMaterialUpdate":true,"showSkybox":true,"showFlares":true,"showImageEffects":true,"showParticleSystems":true},"in2DMode":false,"pivot":{"x":1.1799964904785157,"y":-12.882530212402344,"z":-5.441158771514893},"rotation":{"x":-0.0006019504508003593,"y":-0.010499976575374604,"z":-0.000006497996309917653,"w":0.9999462962150574},"size":31.398115158081056,"orthographic":true}