{"cameraMode":{"drawMode":1,"name":"Wireframe","section":"Shading Mode"},"sceneLighting":false,"audioPlay":false,"sceneViewState":{"showFog":true,"showMaterialUpdate":true,"showSkybox":false,"showFlares":true,"showImageEffects":true,"showParticleSystems":true},"in2DMode":false,"pivot":{"x":9.420000076293946,"y":1.8688478469848633,"z":1.399999737739563},"rotation":{"x":0.4609718918800354,"y":0.03060477413237095,"z":-0.015909915789961816,"w":0.8867470026016235},"size":1.9096912145614625,"orthographic":true}